{
  "InputCollect": {
    "date_var": ["DATE"],
    "dayInterval": [7],
    "intervalType": ["week"],
    "dep_var": ["revenue"],
    "dep_var_type": ["revenue"],
    "prophet_vars": ["trend", "season", "holiday"],
    "prophet_signs": ["default", "default", "default"],
    "prophet_country": ["DE"],
    "context_vars": ["competitor_sales_B", "events"],
    "context_signs": ["default", "default"],
    "paid_media_vars": ["tv_S", "ooh_S", "print_S", "facebook_I", "search_clicks_P"],
    "paid_media_signs": ["positive", "positive", "positive", "positive", "positive"],
    "paid_media_spends": ["tv_S", "ooh_S", "print_S", "facebook_S", "search_S"],
    "mediaVarCount": [5],
    "exposure_vars": ["facebook_I", "search_clicks_P"],
    "organic_vars": ["newsletter"],
    "organic_signs": ["positive"],
    "all_media": ["tv_S", "ooh_S", "print_S", "facebook_S", "search_S", "newsletter"],
    "all_ind_vars": ["trend", "season", "holiday", "competitor_sales_B", "events", "tv_S", "ooh_S", "print_S", "facebook_S", "search_S", "newsletter"],
    "factor_vars": ["events"],
    "unused_vars": [],
    "window_start": ["2017-11-20"],
    "rollingWindowStartWhich": [105],
    "window_end": ["2019-11-11"],
    "rollingWindowEndWhich": [208],
    "rollingWindowLength": [104],
    "refreshAddedStart": ["2017-11-20"],
    "adstock": ["geometric"],
    "hyperparameters": {
      "facebook_S_alphas": [0.5, 3],
      "facebook_S_gammas": [0.3, 1],
      "facebook_S_thetas": [0, 0.3],
      "print_S_alphas": [0.5, 3],
      "print_S_gammas": [0.3, 1],
      "print_S_thetas": [0.1, 0.4],
      "tv_S_alphas": [0.5, 3],
      "tv_S_gammas": [0.3, 1],
      "tv_S_thetas": [0.3, 0.8],
      "search_S_alphas": [0.5, 3],
      "search_S_gammas": [0.3, 1],
      "search_S_thetas": [0, 0.3],
      "ooh_S_alphas": [0.5, 3],
      "ooh_S_gammas": [0.3, 1],
      "ooh_S_thetas": [0.1, 0.4],
      "newsletter_alphas": [0.5, 3],
      "newsletter_gammas": [0.3, 1],
      "newsletter_thetas": [0.1, 0.4]
    },
    "calibration_input": {},
    "custom_params": [],
    "version": ["Robyn (dev) v3.8.0 [R-4.2.2]"]
  },
  "ExportedModel": {
    "select_model": ["3_515_2"],
    "summary": [
      {
        "variable": "(Intercept)",
        "coef": 0,
        "decompPer": 0,
        "decompAgg": 0
      },
      {
        "variable": "trend",
        "coef": -0.0144,
        "decompPer": -0.0323,
        "decompAgg": -6240975.981
      },
      {
        "variable": "season",
        "coef": 0.3925,
        "decompPer": -0.0009,
        "decompAgg": -181097.5992
      },
      {
        "variable": "holiday",
        "coef": 1.0734,
        "decompPer": 0.0257,
        "decompAgg": 4969907.2398
      },
      {
        "variable": "competitor_sales_B",
        "coef": 0.1808,
        "decompPer": 0.5411,
        "decompAgg": 104533895.0029
      },
      {
        "variable": "events",
        "coef": 1.0155,
        "decompPer": 0.37,
        "decompAgg": 71481137.9544
      },
      {
        "variable": "tv_S",
        "coef": 588365.0033,
        "decompPer": 0.0239,
        "decompAgg": 4614638.4591,
        "performance": 0.4389,
        "mean_response": 3693.0151,
        "mean_spend": 223690.7915,
        "boot_mean": 0.4708,
        "ci_low": 0.3484,
        "ci_up": 0.5922
      },
      {
        "variable": "ooh_S",
        "coef": 108611.5196,
        "decompPer": 0.0086,
        "decompAgg": 1664935.8603,
        "performance": 0.4106,
        "mean_response": 38182.1916,
        "mean_spend": 94302.2791,
        "boot_mean": 0.4268,
        "ci_low": 0.34,
        "ci_up": 0.5121
      },
      {
        "variable": "print_S",
        "coef": 160922.8391,
        "decompPer": 0.0049,
        "decompAgg": 950425.8906,
        "performance": 0.3933,
        "mean_response": 6198.3791,
        "mean_spend": 50347.2083,
        "boot_mean": 0.4148,
        "ci_low": 0.2911,
        "ci_up": 0.5397
      },
      {
        "variable": "facebook_S",
        "coef": 104035.2423,
        "decompPer": 0.0085,
        "decompAgg": 1647068.0969,
        "performance": 0.2608,
        "mean_response": 34542.4398,
        "mean_spend": 150394.1588,
        "boot_mean": 0.2572,
        "ci_low": 0.2314,
        "ci_up": 0.2829
      },
      {
        "variable": "search_S",
        "coef": 47420.8923,
        "decompPer": 0.0129,
        "decompAgg": 2491396.3205,
        "performance": 0.3835,
        "mean_response": 25633.5528,
        "mean_spend": 73827.2727,
        "boot_mean": 0.4092,
        "ci_low": 0.3062,
        "ci_up": 0.5104
      },
      {
        "variable": "newsletter",
        "coef": 208951.5122,
        "decompPer": 0.0376,
        "decompAgg": 7267119.7522
      }
    ],
    "errors": [
      {
        "rsq_train": 0.9711,
        "nrmse": 0.0282,
        "decomp.rssd": 0.0862,
        "mape": 0
      }
    ],
    "hyper_values": {
      "facebook_S_alphas": [2.7072],
      "facebook_S_gammas": [0.4162],
      "facebook_S_thetas": [0.26],
      "lambda": [28173.3702],
      "newsletter_alphas": [0.6887],
      "newsletter_gammas": [0.7279],
      "newsletter_thetas": [0.1075],
      "ooh_S_alphas": [1.9885],
      "ooh_S_gammas": [0.4057],
      "ooh_S_thetas": [0.1783],
      "print_S_alphas": [2.7316],
      "print_S_gammas": [0.8466],
      "print_S_thetas": [0.3757],
      "search_S_alphas": [1.0351],
      "search_S_gammas": [0.3752],
      "search_S_thetas": [0.2148],
      "tv_S_alphas": [2.8326],
      "tv_S_gammas": [0.9008],
      "tv_S_thetas": [0.7483]
    },
    "hyper_updated": {
      "facebook_S_alphas": [0.5, 3],
      "facebook_S_gammas": [0.3, 1],
      "facebook_S_thetas": [0, 0.3],
      "newsletter_alphas": [0.5, 3],
      "newsletter_gammas": [0.3, 1],
      "newsletter_thetas": [0.1, 0.4],
      "ooh_S_alphas": [0.5, 3],
      "ooh_S_gammas": [0.3, 1],
      "ooh_S_thetas": [0.1, 0.4],
      "print_S_alphas": [0.5, 3],
      "print_S_gammas": [0.3, 1],
      "print_S_thetas": [0.1, 0.4],
      "search_S_alphas": [0.5, 3],
      "search_S_gammas": [0.3, 1],
      "search_S_thetas": [0, 0.3],
      "tv_S_alphas": [0.5, 3],
      "tv_S_gammas": [0.3, 1],
      "tv_S_thetas": [0.3, 0.8],
      "lambda": [0, 1]
    },
    "calibration_constraint": [0.1],
    "cores": [3],
    "iterations": [2000],
    "trials": [5],
    "intercept_sign": ["non_negative"],
    "nevergrad_algo": ["TwoPointsDE"],
    "add_penalty_factor": [false],
    "seed": [123],
    "pareto_fronts": [4],
    "hyper_fixed": [false],
    "plot_folder": ["/home/selphea/Desktop/Robyn_202211051523_init/"]
  }
}
