{
  "InputCollect": {
    "date_var": ["DATE"],
    "dayInterval": [7],
    "intervalType": ["week"],
    "dep_var": ["revenue"],
    "dep_var_type": ["revenue"],
    "prophet_vars": ["trend", "season", "holiday"],
    "prophet_signs": ["default", "default", "default"],
    "prophet_country": ["DE"],
    "context_vars": ["competitor_sales_B", "events"],
    "context_signs": ["default", "default"],
    "paid_media_vars": ["tv_S", "ooh_S", "print_S", "facebook_I", "search_clicks_P"],
    "paid_media_signs": ["positive", "positive", "positive", "positive", "positive"],
    "paid_media_spends": ["tv_S", "ooh_S", "print_S", "facebook_S", "search_S"],
    "mediaVarCount": [5],
    "exposure_vars": ["facebook_I", "search_clicks_P"],
    "organic_vars": ["newsletter"],
    "organic_signs": ["positive"],
    "all_media": ["tv_S", "ooh_S", "print_S", "facebook_S", "search_S", "newsletter"],
    "all_ind_vars": ["trend", "season", "holiday", "competitor_sales_B", "events", "tv_S", "ooh_S", "print_S", "facebook_S", "search_S", "newsletter"],
    "factor_vars": ["events"],
    "unused_vars": [],
    "window_start": ["2017-11-20"],
    "rollingWindowStartWhich": [105],
    "window_end": ["2019-11-11"],
    "rollingWindowEndWhich": [208],
    "rollingWindowLength": [104],
    "refreshAddedStart": ["2017-11-20"],
    "adstock": ["geometric"],
    "hyperparameters": {
      "facebook_S_alphas": [0.5, 3],
      "facebook_S_gammas": [0.3, 1],
      "facebook_S_thetas": [0, 0.3],
      "print_S_alphas": [0.5, 3],
      "print_S_gammas": [0.3, 1],
      "print_S_thetas": [0.1, 0.4],
      "tv_S_alphas": [0.5, 3],
      "tv_S_gammas": [0.3, 1],
      "tv_S_thetas": [0.3, 0.8],
      "search_S_alphas": [0.5, 3],
      "search_S_gammas": [0.3, 1],
      "search_S_thetas": [0, 0.3],
      "ooh_S_alphas": [0.5, 3],
      "ooh_S_gammas": [0.3, 1],
      "ooh_S_thetas": [0.1, 0.4],
      "newsletter_alphas": [0.5, 3],
      "newsletter_gammas": [0.3, 1],
      "newsletter_thetas": [0.1, 0.4]
    },
    "calibration_input": {},
    "custom_params": [],
    "version": ["Robyn (dev) v3.8.0 [R-4.2.2]"]
  }
}
